"V1","mean_slope","sd_slope","sequence count"
"lag 0","17.8517494617728","3.73595729358269","30"
"lag 1","17.9359584580661","3.20874102669935","29"
"lag 2","22.2021793806935","6.55294679746888","13"
